# GW150914 time-1126259462.44 (s),H1_data_whitened,L1_data_whitened,H1_template_whitened,L1_template_whitened
 -0.199766, -1.547376,  0.100679, -0.015201,  0.017109
 -0.199522, -2.008278,  0.061772, -0.005847,  0.011693
 -0.199277, -2.267250, -0.031782,  0.006928,  0.007034
 -0.199033, -2.274678, -0.165717,  0.021882,  0.003564
 -0.198789, -2.019154, -0.316448,  0.037620,  0.001517
 -0.198545, -1.532855, -0.454086,  0.052727,  0.000914
 -0.198301, -0.887328, -0.546750,  0.065908,  0.001571
 -0.198057, -0.179593, -0.566164,  0.076094,  0.003138
 -0.197813,  0.488329, -0.493801,  0.082521,  0.005153
 -0.197568,  1.030935, -0.326128,  0.084775,  0.007116
 -0.197324,  1.395754, -0.077296,  0.082788,  0.008557
 -0.197080,  1.570517,  0.221914,  0.076805,  0.009097
 -0.196836,  1.579728,  0.529190,  0.067322,  0.008506
 -0.196592,  1.472610,  0.799086,  0.054997,  0.006721
 -0.196348,  1.306611,  0.992882,  0.040575,  0.003856
 -0.196104,  1.131295,  1.087203,  0.024803,  0.000179
 -0.195859,  0.976752,  1.078554,  0.008376, -0.003931
 -0.195615,  0.849016,  0.982044, -0.008102, -0.008035
 -0.195371,  0.733028,  0.824605, -0.024127, -0.011697
 -0.195127,  0.601686,  0.635146, -0.039288, -0.014545
 -0.194883,  0.428026,  0.435378, -0.053240, -0.016317
 -0.194639,  0.196942,  0.234859, -0.065679, -0.016893
 -0.194395, -0.086969,  0.031935, -0.076317, -0.016310
 -0.194150, -0.397874, -0.180421, -0.084876, -0.014748
 -0.193906, -0.694142, -0.406918, -0.091086, -0.012499
 -0.193662, -0.929047, -0.643830, -0.094719, -0.009930
 -0.193418, -1.063040, -0.876685, -0.095613, -0.007419
 -0.193174, -1.073399, -1.082338, -0.093722, -0.005312
 -0.192930, -0.958432, -1.234468, -0.089148, -0.003870
 -0.192686, -0.735879, -1.310648, -0.082166, -0.003240
 -0.192441, -0.437245, -1.298603, -0.073232, -0.003435
 -0.192197, -0.100668, -1.199518, -0.062956, -0.004346
 -0.191953,  0.235480, -1.027242, -0.052056, -0.005755
 -0.191709,  0.537164, -0.803908, -0.041297, -0.007377
 -0.191465,  0.777305, -0.553919, -0.031402, -0.008901
 -0.191221,  0.936923, -0.298649, -0.022973, -0.010040
 -0.190977,  1.005398, -0.053390, -0.016416, -0.010567
 -0.190732,  0.980382,  0.173186, -0.011884, -0.010347
 -0.190488,  0.867721,  0.377672, -0.009252, -0.009353
 -0.190244,  0.681436,  0.559525, -0.008121, -0.007661
 -0.190000,  0.443361,  0.718362, -0.007855, -0.005433
 -0.189756,  0.181704,  0.851551, -0.007655, -0.002890
 -0.189512, -0.072141,  0.952557, -0.006646, -0.000273
 -0.189268, -0.288469,  1.010486, -0.003984,  0.002192
 -0.189023, -0.444707,  1.011226,  0.001043,  0.004326
 -0.188779, -0.529692,  0.940595,  0.008917,  0.006022
 -0.188535, -0.545186,  0.789386,  0.019817,  0.007252
 -0.188291, -0.504014,  0.559238,  0.033578,  0.008064
 -0.188047, -0.425581,  0.267337,  0.049674,  0.008565
 -0.187803, -0.330427, -0.052343,  0.067248,  0.008896
 -0.187559, -0.235589, -0.352648,  0.085169,  0.009202
 -0.187315, -0.151946, -0.581473,  0.102124,  0.009601
 -0.187070, -0.083979, -0.692730,  0.116727,  0.010161
 -0.186826, -0.031753, -0.657247,  0.127649,  0.010884
 -0.186582,  0.005734, -0.470732,  0.133751,  0.011703
 -0.186338,  0.027247, -0.156602,  0.134206,  0.012495
 -0.186094,  0.027739,  0.237365,  0.128601,  0.013099
 -0.185850, -0.000486,  0.648056,  0.117016,  0.013346
 -0.185606, -0.064090,  1.009581,  0.100050,  0.013091
 -0.185361, -0.164001,  1.266190,  0.078810,  0.012245
 -0.185117, -0.291731,  1.382254,  0.054836,  0.010793
 -0.184873, -0.428438,  1.347001,  0.029983,  0.008808
 -0.184629, -0.547414,  1.173345,  0.006264,  0.006446
 -0.184385, -0.619378,  0.891832, -0.014348,  0.003930
 -0.184141, -0.619079,  0.542006, -0.030108,  0.001516
 -0.183897, -0.531311,  0.163862, -0.039695, -0.000542
 -0.183652, -0.354783, -0.208542, -0.042353, -0.002034
 -0.183408, -0.103088, -0.550363, -0.037989, -0.002832
 -0.183164,  0.197116, -0.846424, -0.027198, -0.002918
 -0.182920,  0.509940, -1.089801, -0.011207, -0.002393
 -0.182676,  0.795304, -1.279661,  0.008251, -0.001472
 -0.182432,  1.014481, -1.419026,  0.029118, -0.000458
 -0.182188,  1.135628, -1.512607,  0.049238,  0.000298
 -0.181943,  1.138711, -1.564558,  0.066589,  0.000456
 -0.181699,  1.019027, -1.576265,  0.079496, -0.000261
 -0.181455,  0.788423, -1.544766,  0.086805, -0.002014
 -0.181211,  0.473601, -1.462624,  0.087977, -0.004805
 -0.180967,  0.111508, -1.319833,  0.083118, -0.008459
 -0.180723, -0.257198, -1.107610,  0.072923, -0.012631
 -0.180479, -0.594859, -0.823116,  0.058550, -0.016837
 -0.180234, -0.871847, -0.473602,  0.041455, -0.020508
 -0.179990, -1.068871, -0.078394,  0.023196, -0.023062
 -0.179746, -1.176677,  0.332308,  0.005244, -0.023987
 -0.179502, -1.194157,  0.721818, -0.011176, -0.022915
 -0.179258, -1.126077,  1.053465, -0.025190, -0.019687
 -0.179014, -0.981337,  1.297483, -0.036328, -0.014389
 -0.178770, -0.772092,  1.436485, -0.044510, -0.007363
 -0.178525, -0.513592,  1.468197, -0.049984,  0.000824
 -0.178281, -0.224390,  1.405024, -0.053225,  0.009434
 -0.178037,  0.073564,  1.270877, -0.054815,  0.017642
 -0.177793,  0.355406,  1.096300, -0.055342,  0.024636
 -0.177549,  0.594742,  0.913112, -0.055310,  0.029714
 -0.177305,  0.766054,  0.749635, -0.055096,  0.032374
 -0.177061,  0.847941,  0.626977, -0.054945,  0.032375
 -0.176816,  0.826664,  0.556140, -0.055010,  0.029773
 -0.176572,  0.699151,  0.535681, -0.055409,  0.024911
 -0.176328,  0.474552,  0.550340, -0.056296,  0.018378
 -0.176084,  0.173871,  0.571809, -0.057920,  0.010937
 -0.175840, -0.172197,  0.562794, -0.060646,  0.003426
 -0.175596, -0.526522,  0.484458, -0.064940, -0.003342
 -0.175352, -0.849087,  0.305840, -0.071297, -0.008676
 -0.175107, -1.100231,  0.012860, -0.080136, -0.012092
 -0.174863, -1.243578, -0.385634, -0.091661, -0.013359
 -0.174619, -1.249125, -0.856535, -0.105724, -0.012521
 -0.174375, -1.097077, -1.346442, -0.121710, -0.009878
 -0.174131, -0.782315, -1.790229, -0.138487, -0.005942
 -0.173887, -0.318476, -2.122487, -0.154418, -0.001363
 -0.173643,  0.259950, -2.289434, -0.167473,  0.003155
 -0.173398,  0.898712, -2.258642, -0.175422,  0.006941
 -0.173154,  1.528429, -2.024500, -0.176094,  0.009429
 -0.172910,  2.072273, -1.608596, -0.167682,  0.010227
 -0.172666,  2.455823, -1.055657, -0.149038,  0.009145
 -0.172422,  2.617974, -0.426592, -0.119925,  0.006210
 -0.172178,  2.521600,  0.209932, -0.081173,  0.001648
 -0.171934,  2.162310,  0.786365, -0.034719, -0.004147
 -0.171690,  1.573273,  1.244857,  0.016491, -0.010665
 -0.171445,  0.824183,  1.544727,  0.068746, -0.017335
 -0.171201,  0.013246,  1.667881,  0.117917, -0.023588
 -0.170957, -0.747333,  1.621073,  0.159891, -0.028902
 -0.170713, -1.350112,  1.434137,  0.191013, -0.032850
 -0.170469, -1.711793,  1.154045,  0.208510, -0.035130
 -0.170225, -1.789140,  0.835829,  0.210808, -0.035577
 -0.169981, -1.587813,  0.532300,  0.197731, -0.034173
 -0.169736, -1.161813,  0.284721,  0.170532, -0.031035
 -0.169492, -0.603221,  0.116256,  0.131754, -0.026401
 -0.169248, -0.024223,  0.029561,  0.084959, -0.020599
 -0.169004,  0.464632,  0.009192,  0.034326, -0.014024
 -0.168760,  0.775186,  0.028411, -0.015797, -0.007098
 -0.168516,  0.857144,  0.058517, -0.061348, -0.000241
 -0.168272,  0.705319,  0.077912, -0.098955,  0.006161
 -0.168027,  0.357608,  0.078109, -0.126230,  0.011786
 -0.167783, -0.115379,  0.064973, -0.141938,  0.016392
 -0.167539, -0.626367,  0.054959, -0.146014,  0.019832
 -0.167295, -1.089501,  0.067694, -0.139442,  0.022052
 -0.167051, -1.436755,  0.117379, -0.124032,  0.023087
 -0.166807, -1.629474,  0.205862, -0.102105,  0.023041
 -0.166563, -1.662800,  0.319716, -0.076174,  0.022068
 -0.166318, -1.562171,  0.432264, -0.048627,  0.020344
 -0.166074, -1.372963,  0.509811, -0.021479,  0.018046
 -0.165830, -1.146176,  0.520076,  0.003791,  0.015336
 -0.165586, -0.924094,  0.440394,  0.026304,  0.012342
 -0.165342, -0.729754,  0.263831,  0.045745,  0.009166
 -0.165098, -0.562823,  0.002196,  0.062252,  0.005880
 -0.164854, -0.402641, -0.314437,  0.076244,  0.002546
 -0.164609, -0.217241, -0.641796,  0.088235, -0.000774
 -0.164365,  0.024311, -0.928729,  0.098660, -0.003998
 -0.164121,  0.339647, -1.126622,  0.107737, -0.007022
 -0.163877,  0.724177, -1.199020,  0.115400, -0.009710
 -0.163633,  1.148074, -1.129337,  0.121296, -0.011905
 -0.163389,  1.560388, -0.925040,  0.124858, -0.013448
 -0.163145,  1.899646, -0.617388,  0.125422, -0.014192
 -0.162900,  2.108173, -0.256511,  0.122388, -0.014040
 -0.162656,  2.146168,  0.097606,  0.115381, -0.012959
 -0.162412,  2.001602,  0.386704,  0.104388, -0.011002
 -0.162168,  1.693569,  0.566076,  0.089849, -0.008312
 -0.161924,  1.268672,  0.614032,  0.072678, -0.005118
 -0.161680,  0.791711,  0.536756,  0.054207, -0.001709
 -0.161436,  0.332724,  0.367093,  0.036057,  0.001594
 -0.161191, -0.047094,  0.157072,  0.019944,  0.004485
 -0.160947, -0.307551, -0.034452,  0.007446,  0.006710
 -0.160703, -0.436526, -0.156246, -0.000234,  0.008108
 -0.160459, -0.449853, -0.177596, -0.002482,  0.008637
 -0.160215, -0.384106, -0.096112,  0.000582,  0.008386
 -0.159971, -0.284600,  0.061826,  0.008034,  0.007570
 -0.159727, -0.192220,  0.248104,  0.018194,  0.006501
 -0.159482, -0.132725,  0.405251,  0.028777,  0.005551
 -0.159238, -0.111279,  0.480586,  0.037139,  0.005099
 -0.158994, -0.113384,  0.438515,  0.040602,  0.005473
 -0.158750, -0.111655,  0.268222,  0.036805,  0.006907
 -0.158506, -0.076444, -0.014676,  0.024049,  0.009492
 -0.158262,  0.012595, -0.372564,  0.001586,  0.013158
 -0.158018,  0.157148, -0.754838, -0.030190,  0.017669
 -0.157773,  0.335901, -1.108785, -0.069684,  0.022644
 -0.157529,  0.506812, -1.389424, -0.114178,  0.027593
 -0.157285,  0.615721, -1.566127, -0.160064,  0.031975
 -0.157041,  0.609265, -1.625262, -0.203183,  0.035257
 -0.156797,  0.448806, -1.569324, -0.239272,  0.036984
 -0.156553,  0.121896, -1.413758, -0.264427,  0.036835
 -0.156309, -0.351650, -1.182475, -0.275567,  0.034666
 -0.156065, -0.920902, -0.902792, -0.270818,  0.030533
 -0.155820, -1.512509, -0.600544, -0.249772,  0.024694
 -0.155576, -2.045279, -0.296503, -0.213601,  0.017579
 -0.155332, -2.447110, -0.005043, -0.164986,  0.009747
 -0.155088, -2.669786,  0.264767, -0.107883,  0.001823
 -0.154844, -2.697720,  0.506537, -0.047134, -0.005576
 -0.154600, -2.548507,  0.713831,  0.012031, -0.011907
 -0.154356, -2.265339,  0.878690,  0.064540, -0.016762
 -0.154111, -1.903500,  0.992085,  0.106032, -0.019911
 -0.153867, -1.514759,  1.046090,  0.133326, -0.021321
 -0.153623, -1.134364,  1.036764,  0.144772, -0.021148
 -0.153379, -0.774641,  0.966603,  0.140439, -0.019707
 -0.153135, -0.427082,  0.845792,  0.122104, -0.017421
 -0.152891, -0.071795,  0.692158,  0.093057, -0.014765
 -0.152647,  0.309331,  0.530116,  0.057729, -0.012194
 -0.152402,  0.720468,  0.388736,  0.021197, -0.010086
 -0.152158,  1.144987,  0.298612, -0.011386, -0.008701
 -0.151914,  1.546427,  0.287072, -0.035364, -0.008152
 -0.151670,  1.877236,  0.372029, -0.047093, -0.008403
 -0.151426,  2.092498,  0.556127, -0.044329, -0.009294
 -0.151182,  2.164113,  0.823439, -0.026450, -0.010573
 -0.150938,  2.090691,  1.140186,  0.005513, -0.011950
 -0.150693,  1.899925,  1.459229,  0.049034, -0.013151
 -0.150449,  1.642798,  1.726825,  0.100427, -0.013970
 -0.150205,  1.381668,  1.890232,  0.155298, -0.014305
 -0.149961,  1.176002,  1.905463,  0.209058, -0.014181
 -0.149717,  1.069647,  1.744811,  0.257443, -0.013749
 -0.149473,  1.082392,  1.403173,  0.296951, -0.013264
 -0.149229,  1.206971,  0.901616,  0.325171, -0.013050
 -0.148984,  1.411323,  0.286732,  0.340947, -0.013444
 -0.148740,  1.645168, -0.374884,  0.344372, -0.014742
 -0.148496,  1.849461, -1.006474,  0.336632, -0.017141
 -0.148252,  1.966961, -1.533646,  0.319712, -0.020696
 -0.148008,  1.952014, -1.897100,  0.296040, -0.025291
 -0.147764,  1.777867, -2.062723,  0.268095, -0.030632
 -0.147520,  1.440451, -2.026694,  0.238070, -0.036267
 -0.147275,  0.958370, -1.814377,  0.207605, -0.041624
 -0.147031,  0.369590, -1.473455,  0.177644, -0.046070
 -0.146787, -0.274170, -1.063181,  0.148426, -0.048984
 -0.146543, -0.914178, -0.642638,  0.119592, -0.049832
 -0.146299, -1.491584, -0.260925,  0.090393, -0.048234
 -0.146055, -1.954011,  0.048715,  0.059958, -0.044021
 -0.145811, -2.261704,  0.270415,  0.027560, -0.037265
 -0.145566, -2.392947,  0.403700, -0.007143, -0.028284
 -0.145322, -2.347869,  0.459380, -0.043949, -0.017616
 -0.145078, -2.149356,  0.454613, -0.082059, -0.005971
 -0.144834, -1.840013,  0.408097, -0.120121,  0.005846
 -0.144590, -1.475090,  0.336199, -0.156391,  0.017021
 -0.144346, -1.112692,  0.250676, -0.188953,  0.026814
 -0.144102, -0.803530,  0.158337, -0.215988,  0.034643
 -0.143857, -0.582628,  0.062368, -0.236038,  0.040144
 -0.143613, -0.464722, -0.035581, -0.248220,  0.043205
 -0.143369, -0.444057, -0.133744, -0.252376,  0.043970
 -0.143125, -0.498207, -0.229736, -0.249110,  0.042813
 -0.142881, -0.594665, -0.321031, -0.239731,  0.040285
 -0.142637, -0.698418, -0.405562, -0.226095,  0.037040
 -0.142393, -0.778685, -0.481774, -0.210375,  0.033756
 -0.142148, -0.813482, -0.548057, -0.194794,  0.031046
 -0.141904, -0.791456, -0.601946, -0.181346,  0.029391
 -0.141660, -0.711169, -0.639565, -0.171564,  0.029087
 -0.141416, -0.578505, -0.655685, -0.166348,  0.030212
 -0.141172, -0.403182, -0.644652, -0.165882,  0.032629
 -0.140928, -0.195556, -0.602069, -0.169651,  0.036008
 -0.140684,  0.035161, -0.526649, -0.176549,  0.039867
 -0.140440,  0.280841, -0.421329, -0.185070,  0.043638
 -0.140195,  0.533010, -0.293044, -0.193532,  0.046728
 -0.139951,  0.781026, -0.151376, -0.200329,  0.048588
 -0.139707,  1.010796, -0.006972, -0.204152,  0.048775
 -0.139463,  1.204510,  0.129306, -0.204162,  0.046995
 -0.139219,  1.341648,  0.246334, -0.200088,  0.043133
 -0.138975,  1.401477,  0.332342, -0.192228,  0.037268
 -0.138731,  1.367031,  0.375104, -0.181383,  0.029660
 -0.138486,  1.229913,  0.363250, -0.168699,  0.020727
 -0.138242,  0.994555,  0.288748, -0.155479,  0.011003
 -0.137998,  0.680366,  0.150155, -0.142972,  0.001090
 -0.137754,  0.320598, -0.044080, -0.132183, -0.008402
 -0.137510, -0.042473, -0.273245, -0.123733, -0.016914
 -0.137266, -0.365345, -0.504014, -0.117781, -0.023981
 -0.137022, -0.612133, -0.693120, -0.114026, -0.029282
 -0.136777, -0.761816, -0.793580, -0.111785, -0.032659
 -0.136533, -0.811565, -0.763875, -0.110117, -0.034127
 -0.136289, -0.775308, -0.578060, -0.107980, -0.033863
 -0.136045, -0.678395, -0.233987, -0.104387, -0.032182
 -0.135801, -0.550420,  0.242795, -0.098534, -0.029488
 -0.135557, -0.418479,  0.800684, -0.089873, -0.026232
 -0.135313, -0.302499,  1.369047, -0.078135, -0.022858
 -0.135068, -0.213264,  1.869307, -0.063287, -0.019751
 -0.134824, -0.152787,  2.227932, -0.045455, -0.017204
 -0.134580, -0.116331,  2.388763, -0.024826, -0.015390
 -0.134336, -0.095168,  2.322315, -0.001563, -0.014354
 -0.134092, -0.079160,  2.030356,  0.024256, -0.014022
 -0.133848, -0.058514,  1.545212,  0.052636, -0.014219
 -0.133604, -0.024744,  0.924371,  0.083620, -0.014704
 -0.133359,  0.028557,  0.241720,  0.117191, -0.015206
 -0.133115,  0.104636, -0.423032,  0.153149, -0.015457
 -0.132871,  0.202392, -0.995463,  0.190984, -0.015230
 -0.132627,  0.315838, -1.416971,  0.229787, -0.014362
 -0.132383,  0.434740, -1.653376,  0.268210, -0.012769
 -0.132139,  0.546280, -1.699965,  0.304501, -0.010452
 -0.131895,  0.637048, -1.581554,  0.336619, -0.007500
 -0.131650,  0.694703, -1.346988,  0.362410, -0.004073
 -0.131406,  0.709130, -1.058818,  0.379832, -0.000395
 -0.131162,  0.673368, -0.780202,  0.387189,  0.003271
 -0.130918,  0.584443, -0.561984,  0.383346,  0.006634
 -0.130674,  0.443915, -0.433057,  0.367884,  0.009404
 -0.130430,  0.257886, -0.396232,  0.341184,  0.011309
 -0.130186,  0.036603, -0.430390,  0.304413,  0.012115
 -0.129941, -0.205799, -0.497824,  0.259429,  0.011650
 -0.129697, -0.451129, -0.554307,  0.208608,  0.009823
 -0.129453, -0.676941, -0.558962,  0.154626,  0.006634
 -0.129209, -0.857212, -0.481830,  0.100221,  0.002186
 -0.128965, -0.964621, -0.308456,  0.047968, -0.003312
 -0.128721, -0.974411, -0.041901,  0.000091, -0.009558
 -0.128477, -0.869175,  0.297227, -0.041665, -0.016175
 -0.128232, -0.643718,  0.672619, -0.076108, -0.022741
 -0.127988, -0.309071,  1.036446, -0.102602, -0.028823
 -0.127744,  0.105441,  1.336355, -0.121030, -0.034019
 -0.127500,  0.553406,  1.524894, -0.131709, -0.037997
 -0.127256,  0.976797,  1.569688, -0.135303, -0.040520
 -0.127012,  1.315465,  1.461652, -0.132724, -0.041473
 -0.126768,  1.518771,  1.218476, -0.125039, -0.040857
 -0.126523,  1.556136,  0.881667, -0.113397, -0.038782
 -0.126279,  1.423179,  0.507574, -0.098969, -0.035441
 -0.126035,  1.141572,  0.154895, -0.082892, -0.031070
 -0.125791,  0.753058, -0.127653, -0.066229, -0.025914
 -0.125547,  0.309880, -0.310188, -0.049919, -0.020188
 -0.125303, -0.135479, -0.385150, -0.034733, -0.014053
 -0.125059, -0.538766, -0.365322, -0.021224, -0.007608
 -0.124815, -0.868906, -0.277689, -0.009682, -0.000894
 -0.124570, -1.108898, -0.155203, -0.000096,  0.006081
 -0.124326, -1.253420, -0.028574,  0.007866,  0.013312
 -0.124082, -1.304922,  0.080050,  0.014845,  0.020756
 -0.123838, -1.270241,  0.160238,  0.021753,  0.028305
 -0.123594, -1.159031,  0.212666,  0.029696,  0.035764
 -0.123350, -0.984103,  0.245129,  0.039861,  0.042843
 -0.123106, -0.762620,  0.266644,  0.053378,  0.049180
 -0.122861, -0.516705,  0.281934,  0.071170,  0.054376
 -0.122617, -0.272218,  0.288528,  0.093792,  0.058041
 -0.122373, -0.055250,  0.277750,  0.121306,  0.059852
 -0.122129,  0.113158,  0.239219,  0.153180,  0.059605
 -0.121885,  0.222570,  0.166964,  0.188244,  0.057257
 -0.121641,  0.276891,  0.064373,  0.224715,  0.052945
 -0.121397,  0.294274, -0.054496,  0.260290,  0.046981
 -0.121152,  0.302291, -0.168259,  0.292304,  0.039832
 -0.120908,  0.329318, -0.255144,  0.317957,  0.032062
 -0.120664,  0.394879, -0.300866,  0.334568,  0.024278
 -0.120420,  0.502316, -0.304420,  0.339849,  0.017058
 -0.120176,  0.636457, -0.279870,  0.332166,  0.010890
 -0.119932,  0.767339, -0.253706,  0.310744,  0.006118
 -0.119688,  0.859096, -0.258587,  0.275813,  0.002913
 -0.119443,  0.881334, -0.324860,  0.228649,  0.001262
 -0.119199,  0.819207, -0.471652,  0.171520,  0.000982
 -0.118955,  0.678718, -0.699654,  0.107527,  0.001749
 -0.118711,  0.485547, -0.987609,  0.040359,  0.003155
 -0.118467,  0.278199, -1.293793, -0.026015,  0.004749
 -0.118223,  0.098151, -1.562603, -0.087676,  0.006104
 -0.117979, -0.019888, -1.735126, -0.141088,  0.006852
 -0.117734, -0.055317, -1.761469, -0.183385,  0.006724
 -0.117490, -0.005507, -1.612143, -0.212590,  0.005564
 -0.117246,  0.114011, -1.286006, -0.227741,  0.003332
 -0.117002,  0.272815, -0.813024, -0.228932,  0.000091
 -0.116758,  0.431805, -0.251041, -0.217260, -0.004016
 -0.116514,  0.551326,  0.323152, -0.194690, -0.008791
 -0.116270,  0.599655,  0.826979, -0.163875, -0.014008
 -0.116025,  0.559863,  1.186883, -0.127936, -0.019435
 -0.115781,  0.433260,  1.351755, -0.090239, -0.024847
 -0.115537,  0.238481,  1.302275, -0.054176, -0.030027
 -0.115293,  0.006581,  1.054466, -0.022961, -0.034775
 -0.115049, -0.226450,  0.656935,  0.000541, -0.038894
 -0.114805, -0.427747,  0.182362,  0.013965, -0.042194
 -0.114561, -0.574223, -0.285108,  0.015575, -0.044491
 -0.114316, -0.656124, -0.664249,  0.004369, -0.045616
 -0.114072, -0.676730, -0.890294, -0.019849, -0.045431
 -0.113828, -0.648775, -0.925322, -0.056419, -0.043853
 -0.113584, -0.589348, -0.763806, -0.103819, -0.040877
 -0.113340, -0.515326, -0.432428, -0.159724, -0.036597
 -0.113096, -0.440658,  0.015839, -0.221117, -0.031222
 -0.112852, -0.375671,  0.512201, -0.284471, -0.025067
 -0.112607, -0.327744,  0.984719, -0.346003, -0.018542
 -0.112363, -0.302462,  1.370260, -0.401963, -0.012111
 -0.112119, -0.304336,  1.623209, -0.448958, -0.006246
 -0.111875, -0.336436,  1.719727, -0.484255, -0.001364
 -0.111631, -0.398849,  1.657792, -0.506036,  0.002227
 -0.111387, -0.486646,  1.454201, -0.513573,  0.004374
 -0.111143, -0.588424,  1.139846, -0.507284,  0.005116
 -0.110898, -0.686425,  0.754230, -0.488673,  0.004683
 -0.110654, -0.758549,  0.339898, -0.460145,  0.003477
 -0.110410, -0.781930, -0.062670, -0.424727,  0.002019
 -0.110166, -0.737331, -0.419284, -0.385723,  0.000881
 -0.109922, -0.613619, -0.705131, -0.346357,  0.000601
 -0.109678, -0.411621, -0.906299, -0.309442,  0.001599
 -0.109434, -0.146547, -1.019322, -0.277120,  0.004103
 -0.109190,  0.151910, -1.048678, -0.250709,  0.008107
 -0.108945,  0.442538, -1.002999, -0.230654,  0.013346
 -0.108701,  0.678798, -0.891446, -0.216592,  0.019322
 -0.108457,  0.817445, -0.721640, -0.207504,  0.025361
 -0.108213,  0.827703, -0.499756, -0.201916,  0.030691
 -0.107969,  0.698546, -0.232266, -0.198130,  0.034554
 -0.107725,  0.441925,  0.071801, -0.194420,  0.036306
 -0.107481,  0.090902,  0.399096, -0.189204,  0.035513
 -0.107236, -0.306959,  0.731121, -0.181145,  0.032027
 -0.106992, -0.699215,  1.044292, -0.169200,  0.026011
 -0.106748, -1.038614,  1.310791, -0.152632,  0.017938
 -0.106504, -1.290959,  1.500348, -0.130983,  0.008540
 -0.106260, -1.438758,  1.583369, -0.104052, -0.001283
 -0.106016, -1.480159,  1.535659, -0.071887, -0.010564
 -0.105772, -1.424372,  1.344238, -0.034792, -0.018391
 -0.105527, -1.286056,  1.012754,  0.006638, -0.024017
 -0.105283, -1.081128,  0.564556,  0.051479, -0.026949
 -0.105039, -0.825172,  0.041881,  0.098459, -0.027001
 -0.104795, -0.533952, -0.499154,  0.145963, -0.024308
 -0.104551, -0.224629, -0.996776,  0.192101, -0.019295
 -0.104307,  0.083598, -1.393272,  0.234842, -0.012615
 -0.104063,  0.370068, -1.644370,  0.272201, -0.005059
 -0.103818,  0.614448, -1.726555,  0.302473,  0.002552
 -0.103574,  0.799312, -1.640780,  0.324482,  0.009463
 -0.103330,  0.912918, -1.411531,  0.337806,  0.015071
 -0.103086,  0.951579, -1.081375,  0.342932,  0.018984
 -0.102842,  0.921092, -0.702555,  0.341320,  0.021047
 -0.102598,  0.836712, -0.327968,  0.335344,  0.021331
 -0.102354,  0.721404, -0.003554,  0.328107,  0.020097
 -0.102109,  0.602381,  0.236888,  0.323141,  0.017733
 -0.101865,  0.506413,  0.374382,  0.324032,  0.014686
 -0.101621,  0.454781,  0.405177,  0.333997,  0.011392
 -0.101377,  0.458953,  0.339140,  0.355482,  0.008215
 -0.101133,  0.518007,  0.196563,  0.389824,  0.005415
 -0.100889,  0.618631,  0.004122,  0.437025,  0.003130
 -0.100645,  0.738104, -0.209006,  0.495673,  0.001388
 -0.100400,  0.849949, -0.414040,  0.563018,  0.000139
 -0.100156,  0.930867, -0.584418,  0.635199, -0.000706
 -0.099912,  0.966729, -0.697221,  0.707603, -0.001227
 -0.099668,  0.955517, -0.734967,  0.775303, -0.001458
 -0.099424,  0.906197, -0.687915,  0.833534, -0.001366
 -0.099180,  0.834218, -0.556277,  0.878144, -0.000848
 -0.098936,  0.755686, -0.351543,  0.905975,  0.000249
 -0.098691,  0.682614, -0.096288,  0.915124,  0.002089
 -0.098447,  0.620888,  0.178061,  0.905068,  0.004798
 -0.098203,  0.571120,  0.435639,  0.876632,  0.008406
 -0.097959,  0.531310,  0.642247,  0.831825,  0.012809
 -0.097715,  0.499646,  0.771765,  0.773546,  0.017738
 -0.097471,  0.476196,  0.811176,  0.705234,  0.022760
 -0.097227,  0.463010,  0.762706,  0.630464,  0.027302
 -0.096982,  0.462904,  0.642468,  0.552581,  0.030708
 -0.096738,  0.477521,  0.476185,  0.474375,  0.032312
 -0.096494,  0.505439,  0.293582,  0.397865,  0.031526
 -0.096250,  0.541138,  0.123185,  0.324183,  0.027925
 -0.096006,  0.575342, -0.011315,  0.253589,  0.021316
 -0.095762,  0.596758, -0.092859,  0.185589,  0.011791
 -0.095518,  0.594760, -0.111174,  0.119145, -0.000263
 -0.095273,  0.562418, -0.061873,  0.052936, -0.014184
 -0.095029,  0.499221,  0.054655, -0.014359, -0.029085
 -0.094785,  0.412696,  0.233608, -0.083801, -0.043940
 -0.094541,  0.318020,  0.464883, -0.155993, -0.057685
 -0.094297,  0.235081,  0.731283, -0.230952, -0.069314
 -0.094053,  0.183135,  1.006967, -0.308084, -0.077985
 -0.093809,  0.174209,  1.257561, -0.386248, -0.083090
 -0.093565,  0.207281,  1.442916, -0.463896, -0.084307
 -0.093320,  0.265584,  1.522654, -0.539269, -0.081620
 -0.093076,  0.318611,  1.463635, -0.610611, -0.075299
 -0.092832,  0.328840,  1.247754, -0.676370, -0.065862
 -0.092588,  0.261345,  0.878147, -0.735354, -0.054013
 -0.092344,  0.093323,  0.381994, -0.786817, -0.040559
 -0.092100, -0.179397, -0.191189, -0.830464, -0.026340
 -0.091856, -0.540608, -0.775830, -0.866386, -0.012155
 -0.091611, -0.956983, -1.300083, -0.894925,  0.001297
 -0.091367, -1.385196, -1.697178, -0.916513,  0.013457
 -0.091123, -1.780893, -1.916049, -0.931500,  0.023924
 -0.090879, -2.107156, -1.929354, -0.940028,  0.032463
 -0.090635, -2.340321, -1.737879, -0.941948,  0.038985
 -0.090391, -2.471909, -1.370983, -0.936831,  0.043528
 -0.090147, -2.506573, -0.882957, -0.924052,  0.046222
 -0.089902, -2.457183, -0.345292, -0.902945,  0.047259
 -0.089658, -2.338904,  0.164357, -0.873010,  0.046862
 -0.089414, -2.164284,  0.574477, -0.834121,  0.045259
 -0.089170, -1.940921,  0.830544, -0.786711,  0.042672
 -0.088926, -1.672251,  0.902081, -0.731886,  0.039306
 -0.088682, -1.360892,  0.785104, -0.671445,  0.035350
 -0.088438, -1.012911,  0.500563, -0.607790,  0.030985
 -0.088193, -0.640960,  0.090022, -0.543734,  0.026388
 -0.087949, -0.264610, -0.390327, -0.482223,  0.021743
 -0.087705,  0.092476, -0.876641, -0.426013,  0.017242
 -0.087461,  0.407397, -1.304983, -0.377344,  0.013084
 -0.087217,  0.662713, -1.619120, -0.337674,  0.009467
 -0.086973,  0.849036, -1.778095, -0.307489,  0.006570
 -0.086729,  0.964866, -1.762543, -0.286241,  0.004533
 -0.086484,  1.014562, -1.578180, -0.272421,  0.003436
 -0.086240,  1.005979, -1.254904, -0.263743,  0.003284
 -0.085996,  0.948724, -0.840946, -0.257436,  0.003989
 -0.085752,  0.853109, -0.393072, -0.250572,  0.005375
 -0.085508,  0.729428,  0.034745, -0.240413,  0.007190
 -0.085264,  0.587331,  0.401287, -0.224704,  0.009128
 -0.085020,  0.435313,  0.684369, -0.201883,  0.010869
 -0.084775,  0.280359,  0.882175, -0.171189,  0.012113
 -0.084531,  0.127663,  1.009579, -0.132649,  0.012627
 -0.084287, -0.019694,  1.090659, -0.086971,  0.012273
 -0.084043, -0.160935,  1.149751, -0.035361,  0.011030
 -0.083799, -0.297261,  1.203860,  0.020697,  0.008995
 -0.083555, -0.430738,  1.258513,  0.079646,  0.006367
 -0.083311, -0.562556,  1.307697,  0.140036,  0.003417
 -0.083066, -0.691213,  1.337275,  0.200626,  0.000441
 -0.082822, -0.811372,  1.330352,  0.260426, -0.002288
 -0.082578, -0.914248,  1.272799,  0.318668, -0.004563
 -0.082334, -0.990057,  1.157208,  0.374729, -0.006274
 -0.082090, -1.032162,  0.984348,  0.428047, -0.007425
 -0.081846, -1.041320,  0.762197,  0.478033, -0.008127
 -0.081602, -1.027740,  0.503490,  0.524031, -0.008570
 -0.081357, -1.009137,  0.223088,  0.565326, -0.008983
 -0.081113, -1.004659, -0.063850,  0.601207, -0.009585
 -0.080869, -1.026603, -0.342500,  0.631070, -0.010534
 -0.080625, -1.073044, -0.598059,  0.654548, -0.011890
 -0.080381, -1.124169, -0.815238,  0.671633, -0.013595
 -0.080137, -1.143827, -0.978425,  0.682759, -0.015474
 -0.079893, -1.086328, -1.073149,  0.688831, -0.017261
 -0.079648, -0.907285, -1.088772,  0.691176, -0.018646
 -0.079404, -0.576208, -1.021552,  0.691420, -0.019328
 -0.079160, -0.087792, -0.876800,  0.691306, -0.019080
 -0.078916,  0.531399, -0.669212,  0.692475, -0.017798
 -0.078672,  1.223446, -0.421276,  0.696246, -0.015538
 -0.078428,  1.907670, -0.160391,  0.703430, -0.012525
 -0.078184,  2.496016,  0.084557,  0.714209, -0.009131
 -0.077940,  2.911778,  0.286622,  0.728097, -0.005831
 -0.077695,  3.106955,  0.424040,  0.743994, -0.003139
 -0.077451,  3.073633,  0.483020,  0.760323, -0.001525
 -0.077207,  2.846131,  0.459657,  0.775232, -0.001339
 -0.076963,  2.493069,  0.360500,  0.786819, -0.002751
 -0.076719,  2.101258,  0.201549,  0.793366, -0.005707
 -0.076475,  1.755729,  0.005935,  0.793524, -0.009920
 -0.076231,  1.521335, -0.199133,  0.786450, -0.014900
 -0.075986,  1.430735, -0.385575,  0.771855, -0.020002
 -0.075742,  1.481209, -0.527410,  0.749994, -0.024516
 -0.075498,  1.639914, -0.603329,  0.721573, -0.027751
 -0.075254,  1.854895, -0.598831,  0.687619, -0.029135
 -0.075010,  2.068281, -0.507885,  0.649320, -0.028291
 -0.074766,  2.228430, -0.334064,  0.607872, -0.025095
 -0.074522,  2.298960, -0.091021,  0.564343, -0.019698
 -0.074277,  2.263739,  0.197805,  0.519567, -0.012513
 -0.074033,  2.127664,  0.500436,  0.474084, -0.004168
 -0.073789,  1.913506,  0.778689,  0.428126,  0.004574
 -0.073545,  1.655521,  0.991755,  0.381626,  0.012903
 -0.073301,  1.390939,  1.101092,  0.334264,  0.020067
 -0.073057,  1.150872,  1.076494,  0.285526,  0.025465
 -0.072813,  0.952577,  0.902625,  0.234774,  0.028714
 -0.072568,  0.795076,  0.584560,  0.181320,  0.029700
 -0.072324,  0.659614,  0.150517,  0.124493,  0.028580
 -0.072080,  0.515117, -0.349661,  0.063709,  0.025761
 -0.071836,  0.327323, -0.850649, -0.001478,  0.021841
 -0.071592,  0.069168, -1.281503, -0.071328,  0.017526
 -0.071348, -0.270405, -1.577348, -0.145889,  0.013537
 -0.071104, -0.681795, -1.690530, -0.224990,  0.010511
 -0.070859, -1.135774, -1.599051, -0.308257,  0.008924
 -0.070615, -1.589951, -1.310633, -0.395146,  0.009022
 -0.070371, -1.998541, -0.861620, -0.484993,  0.010795
 -0.070127, -2.322320, -0.310982, -0.577081,  0.013973
 -0.069883, -2.535912,  0.269297, -0.670685,  0.018065
 -0.069639, -2.630758,  0.805439, -0.765120,  0.022424
 -0.069395, -2.613846,  1.232602, -0.859748,  0.026328
 -0.069150, -2.503734,  1.503480, -0.953957,  0.029077
 -0.068906, -2.326029,  1.593939, -1.047105,  0.030084
 -0.068662, -2.109907,  1.505526, -1.138433,  0.028956
 -0.068418, -1.885987,  1.264878, -1.226969,  0.025545
 -0.068174, -1.684775,  0.919895, -1.311440,  0.019973
 -0.067930, -1.534539,  0.532491, -1.390213,  0.012619
 -0.067686, -1.457994,  0.168373, -1.461295,  0.004074
 -0.067441, -1.468288, -0.114519, -1.522392, -0.004928
 -0.067197, -1.565691, -0.276371, -1.571046, -0.013600
 -0.066953, -1.736571, -0.302208, -1.604835, -0.021199
 -0.066709, -1.955433, -0.203569, -1.621614, -0.027113
 -0.066465, -2.189553, -0.015143, -1.619763, -0.030935
 -0.066221, -2.404767,  0.212643, -1.598417, -0.032503
 -0.065977, -2.570864,  0.423566, -1.557627, -0.031916
 -0.065732, -2.665601,  0.566323, -1.498431, -0.029508
 -0.065488, -2.676994,  0.604052, -1.422817, -0.025802
 -0.065244, -2.603922,  0.520800, -1.333568, -0.021435
 -0.065000, -2.455267,  0.323597, -1.234017, -0.017073
 -0.064756, -2.247885,  0.039821, -1.127721, -0.013326
 -0.064512, -2.003710, -0.289440, -1.018116, -0.010672
 -0.064268, -1.746276, -0.618362, -0.908180, -0.009407
 -0.064023, -1.497032, -0.905471, -0.800157, -0.009608
 -0.063779, -1.271995, -1.120552, -0.695370, -0.011138
 -0.063535, -1.079296, -1.248015, -0.594159, -0.013672
 -0.063291, -0.918150, -1.286553, -0.495930, -0.016742
 -0.063047, -0.779624, -1.245886, -0.399318, -0.019805
 -0.062803, -0.649096, -1.141752, -0.302442, -0.022312
 -0.062559, -0.509632, -0.990551, -0.203197, -0.023775
 -0.062315, -0.345082, -0.805229, -0.099575, -0.023824
 -0.062070, -0.142120, -0.593694,  0.010063, -0.022250
 -0.061826,  0.108669, -0.360206,  0.126761, -0.019018
 -0.061582,  0.411824, -0.109010,  0.250832, -0.014269
 -0.061338,  0.765490,  0.151297,  0.381812, -0.008293
 -0.061094,  1.159571,  0.404481,  0.518504, -0.001487
 -0.060850,  1.574710,  0.625963,  0.659097,  0.005693
 -0.060606,  1.983424,  0.785530,  0.801334,  0.012791
 -0.060361,  2.353826,  0.853288,  0.942712,  0.019400
 -0.060117,  2.655000,  0.807481,  1.080674,  0.025204
 -0.059873,  2.862316,  0.641932,  1.212786,  0.030007
 -0.059629,  2.961322,  0.370850,  1.336868,  0.033736
 -0.059385,  2.949890,  0.029406,  1.451085,  0.036433
 -0.059141,  2.838973, -0.330451,  1.553987,  0.038230
 -0.058897,  2.652147, -0.648337,  1.644507,  0.039306
 -0.058652,  2.423636, -0.866304,  1.721936,  0.039847
 -0.058408,  2.194388, -0.939844,  1.785875,  0.039996
 -0.058164,  2.006217, -0.846502,  1.836186,  0.039824
 -0.057920,  1.894787, -0.590265,  1.872942,  0.039303
 -0.057676,  1.882870, -0.201044,  1.896395,  0.038306
 -0.057432,  1.975514,  0.270202,  1.906937,  0.036623
 -0.057188,  2.158377,  0.759474,  1.905086,  0.033992
 -0.056943,  2.399651,  1.199348,  1.891454,  0.030152
 -0.056699,  2.655078,  1.528743,  1.866720,  0.024893
 -0.056455,  2.875006,  1.701711,  1.831591,  0.018115
 -0.056211,  3.012385,  1.694386,  1.786749,  0.009873
 -0.055967,  3.030583,  1.509181,  1.732788,  0.000407
 -0.055723,  2.909817,  1.175158,  1.670146, -0.009851
 -0.055479,  2.650889,  0.743749,  1.599041, -0.020296
 -0.055234,  2.275313,  0.279852,  1.519419, -0.030197
 -0.054990,  1.821835, -0.150395,  1.430929, -0.038761
 -0.054746,  1.340161, -0.492545,  1.332939, -0.045217
 -0.054502,  0.883122, -0.714140,  1.224596, -0.048907
 -0.054258,  0.498542, -0.809508,  1.104931, -0.049366
 -0.054014,  0.221961, -0.797862,  0.973013, -0.046401
 -0.053770,  0.071319, -0.715643,  0.828134, -0.040124
 -0.053525,  0.044387, -0.605771,  0.670008, -0.030974
 -0.053281,  0.119215, -0.507116,  0.498957, -0.019691
 -0.053037,  0.257194, -0.446893,  0.316066, -0.007259
 -0.052793,  0.407941, -0.437292,  0.123273,  0.005185
 -0.052549,  0.515292, -0.476114, -0.076628,  0.016455
 -0.052305,  0.524087, -0.550145, -0.280070,  0.025444
 -0.052061,  0.387609, -0.639649, -0.482903,  0.031239
 -0.051816,  0.075308, -0.722519, -0.680664,  0.033227
 -0.051572, -0.420089, -0.777386, -0.868914,  0.031171
 -0.051328, -1.077503, -0.785766, -1.043599,  0.025251
 -0.051084, -1.846196, -0.733855, -1.201398,  0.016057
 -0.050840, -2.649716, -0.614310, -1.340020,  0.004538
 -0.050596, -3.395596, -0.427813, -1.458400, -0.008087
 -0.050352, -3.989673, -0.183901, -1.556772, -0.020459
 -0.050107, -4.352448,  0.099337, -1.636604, -0.031228
 -0.049863, -4.434285,  0.396824, -1.700395, -0.039205
 -0.049619, -4.226368,  0.679237, -1.751366, -0.043504
 -0.049375, -3.764845,  0.916796, -1.793063, -0.043653
 -0.049131, -3.126460,  1.083655, -1.828944, -0.039659
 -0.048887, -2.415635,  1.161980, -1.861981, -0.032015
 -0.048643, -1.745264,  1.144589, -1.894345, -0.021654
 -0.048398, -1.215365,  1.035506, -1.927195, -0.009839
 -0.048154, -0.894397,  0.848725, -1.960599,  0.001983
 -0.047910, -0.807259,  0.606137, -1.993598,  0.012363
 -0.047666, -0.932277,  0.335433, -2.024375,  0.020025
 -0.047422, -1.207539,  0.067961, -2.050507,  0.024036
 -0.047178, -1.545152, -0.164230, -2.069263,  0.023920
 -0.046934, -1.850459, -0.332756, -2.077877,  0.019729
 -0.046690, -2.042123, -0.418264, -2.073784,  0.012034
 -0.046445, -2.068767, -0.415341, -2.054771,  0.001858
 -0.046201, -1.918629, -0.335119, -2.019046, -0.009456
 -0.045957, -1.620370, -0.204173, -1.965229, -0.020416
 -0.045713, -1.235236, -0.059251, -1.892295, -0.029568
 -0.045469, -0.842617,  0.061322, -1.799495, -0.035683
 -0.045225, -0.522414,  0.127562, -1.686293, -0.037909
 -0.044981, -0.338124,  0.126288, -1.552353, -0.035871
 -0.044736, -0.324098,  0.065434, -1.397584, -0.029708
 -0.044492, -0.479281, -0.027545, -1.222236, -0.020052
 -0.044248, -0.768166, -0.113166, -1.027039, -0.007930
 -0.044004, -1.128126, -0.151294, -0.813345,  0.005365
 -0.043760, -1.481111, -0.112826, -0.583232,  0.018441
 -0.043516, -1.747274,  0.011942, -0.339546,  0.029976
 -0.043272, -1.858283,  0.210515, -0.085848,  0.038869
 -0.043027, -1.768552,  0.451292,  0.173746,  0.044363
 -0.042783, -1.462946,  0.691220,  0.434807,  0.046109
 -0.042539, -0.959817,  0.885683,  0.692899,  0.044186
 -0.042295, -0.308803,  0.997895,  0.943906,  0.039068
 -0.042051,  0.416478,  1.005337,  1.184323,  0.031539
 -0.041807,  1.129954,  0.901979,  1.411483,  0.022590
 -0.041563,  1.747364,  0.696553,  1.623669,  0.013289
 -0.041318,  2.201402,  0.408363,  1.820107,  0.004657
 -0.041074,  2.455351,  0.062479,  2.000846, -0.002441
 -0.040830,  2.512410, -0.314209,  2.166533, -0.007384
 -0.040586,  2.417878, -0.695434,  2.318132, -0.009846
 -0.040342,  2.252367, -1.056652,  2.456621, -0.009813
 -0.040098,  2.116212, -1.375425,  2.582716, -0.007564
 -0.039854,  2.107783, -1.631779,  2.696637, -0.003629
 -0.039609,  2.300527, -1.809009,  2.797969,  0.001284
 -0.039365,  2.724366, -1.894936,  2.885589,  0.006372
 -0.039121,  3.356227, -1.883190,  2.957698,  0.010829
 -0.038877,  4.122236, -1.773939,  3.011907,  0.013933
 -0.038633,  4.911212, -1.573680,  3.045389,  0.015131
 -0.038389,  5.596298, -1.294106,  3.055056,  0.014093
 -0.038145,  6.059822, -0.950367,  3.037762,  0.010761
 -0.037900,  6.215940, -0.559324,  2.990500,  0.005358
 -0.037656,  6.026262, -0.138473,  2.910593, -0.001622
 -0.037412,  5.505357,  0.294134,  2.795865, -0.009463
 -0.037168,  4.715473,  0.719198,  2.644795, -0.017294
 -0.036924,  3.752403,  1.115520,  2.456628, -0.024175
 -0.036680,  2.726322,  1.460180,  2.231468, -0.029204
 -0.036436,  1.741989,  1.729865,  1.970325, -0.031619
 -0.036191,  0.882085,  1.903042,  1.675114, -0.030888
 -0.035947,  0.196255,  1.962347,  1.348624, -0.026789
 -0.035703, -0.302787,  1.896736,  0.994438, -0.019449
 -0.035459, -0.636006,  1.703280,  0.616830, -0.009350
 -0.035215, -0.848910,  1.388674,  0.220642,  0.002700
 -0.034971, -0.999145,  0.970322, -0.188842,  0.015640
 -0.034727, -1.144078,  0.476577, -0.606010,  0.028261
 -0.034482, -1.331277, -0.054440, -1.025018,  0.039322
 -0.034238, -1.593289, -0.577787, -1.439861,  0.047684
 -0.033994, -1.946229, -1.046169, -1.844431,  0.052434
 -0.033750, -2.390445, -1.415204, -2.232572,  0.052982
 -0.033506, -2.911711, -1.648665, -2.598148,  0.049129
 -0.033262, -3.482525, -1.723008, -2.935141,  0.041098
 -0.033018, -4.064208, -1.630688, -3.237788,  0.029508
 -0.032773, -4.610687, -1.381798, -3.500761,  0.015314
 -0.032529, -5.074098, -1.003679, -3.719370, -0.000289
 -0.032285, -5.411350, -0.538310, -3.889785, -0.015992
 -0.032041, -5.590141, -0.037571, -4.009211, -0.030507
 -0.031797, -5.593152,  0.443388, -4.076022, -0.042694
 -0.031553, -5.419823,  0.854070, -4.089789, -0.051674
 -0.031309, -5.085737,  1.156539, -4.051199, -0.056909
 -0.031065, -4.619967,  1.331292, -3.961855, -0.058238
 -0.030820, -4.060978,  1.379085, -3.823981, -0.055877
 -0.030576, -3.451950,  1.317919, -3.640070, -0.050374
 -0.030332, -2.836378,  1.176248, -3.412518, -0.042527
 -0.030088, -2.254518,  0.984710, -3.143329, -0.033281
 -0.029844, -1.740602,  0.768922, -2.833925, -0.023608
 -0.029600, -1.320225,  0.545207, -2.485127, -0.014401
 -0.029356, -1.007297,  0.320117, -2.097318, -0.006374
 -0.029111, -0.800637,  0.093608, -1.670782,  0.000009
 -0.028867, -0.681378, -0.135286, -1.206189,  0.004560
 -0.028623, -0.612911, -0.362242, -0.705145,  0.007365
 -0.028379, -0.544655, -0.573404, -0.170740,  0.008743
 -0.028135, -0.419628, -0.745324,  0.391991,  0.009171
 -0.027891, -0.184507, -0.850041,  0.975786,  0.009200
 -0.027647,  0.199961, -0.864229,  1.571085,  0.009359
 -0.027402,  0.750537, -0.779303,  2.166211,  0.010066
 -0.027158,  1.456961, -0.608327,  2.747773,  0.011568
 -0.026914,  2.282373, -0.386283,  3.301255,  0.013896
 -0.026670,  3.168621, -0.162605,  3.811712,  0.016868
 -0.026426,  4.045405,  0.011963,  4.264493,  0.020116
 -0.026182,  4.841379,  0.099957,  4.645902,  0.023152
 -0.025938,  5.494961,  0.088622,  4.943739,  0.025438
 -0.025693,  5.962646, -0.005286,  5.147676,  0.026487
 -0.025449,  6.223134, -0.138914,  5.249469,  0.025938
 -0.025205,  6.276485, -0.254483,  5.243040,  0.023627
 -0.024961,  6.138963, -0.295477,  5.124460,  0.019627
 -0.024717,  5.835567, -0.223426,  4.891924,  0.014251
 -0.024473,  5.392791, -0.030453,  4.545749,  0.008023
 -0.024229,  4.833495,  0.256190,  4.088448,  0.001614
 -0.023984,  4.174521,  0.579146,  3.524883, -0.004241
 -0.023740,  3.426815,  0.864491,  2.862473, -0.008848
 -0.023496,  2.597461,  1.040111,  2.111408, -0.011648
 -0.023252,  1.692900,  1.053762,  1.284797, -0.012298
 -0.023008,  0.722426,  0.885870,  0.398697, -0.010725
 -0.022764, -0.299034,  0.553980, -0.528033, -0.007140
 -0.022520, -1.349616,  0.108263, -1.474052, -0.002019
 -0.022275, -2.400861, -0.380376, -2.416010,  0.003964
 -0.022031, -3.419230, -0.836404, -3.329103,  0.010019
 -0.021787, -4.368080, -1.195867, -4.187629,  0.015353
 -0.021543, -5.209644, -1.418534, -4.965458,  0.019272
 -0.021299, -5.906935, -1.493059, -5.636377,  0.021276
 -0.021055, -6.425686, -1.434455, -6.174298,  0.021122
 -0.020811, -6.736326, -1.275617, -6.553430,  0.018852
 -0.020566, -6.815880, -1.056252, -6.748555,  0.014778
 -0.020322, -6.649442, -0.812935, -6.735599,  0.009433
 -0.020078, -6.230893, -0.573006, -6.492735,  0.003483
 -0.019834, -5.562805, -0.353204, -6.002157, -0.002365
 -0.019590, -4.655945, -0.162047, -5.252613, -0.007471
 -0.019346, -3.529070, -0.003890, -4.242594, -0.011347
 -0.019102, -2.209406,  0.117641, -2.983904, -0.013719
 -0.018857, -0.733673,  0.198424, -1.505134, -0.014554
 -0.018613,  0.850852,  0.235359,  0.145587, -0.014047
 -0.018369,  2.485548,  0.229798,  1.899265, -0.012576
 -0.018125,  4.100049,  0.190972,  3.666826, -0.010628
 -0.017881,  5.612522,  0.137276,  5.342526, -0.008711
 -0.017637,  6.931518,  0.094247,  6.810222, -0.007268
 -0.017393,  7.960507,  0.089653,  7.952344, -0.006605
 -0.017148,  8.605761,  0.147321,  8.660991, -0.006844
 -0.016904,  8.787105,  0.281660,  8.850089, -0.007911
 -0.016660,  8.449767,  0.494226,  8.467263, -0.009560
 -0.016416,  7.574900,  0.772838,  7.503802, -0.011422
 -0.016172,  6.186537,  1.092856,  6.001147, -0.013085
 -0.015928,  4.353824,  1.419922,  4.052527, -0.014172
 -0.015684,  2.188515,  1.713592,  1.798862, -0.014423
 -0.015440, -0.161637,  1.931717, -0.581313, -0.013750
 -0.015195, -2.522906,  2.035679, -2.887345, -0.012271
 -0.014951, -4.708573,  1.996355, -4.916003, -0.010304
 -0.014707, -6.534502,  1.800085, -6.483012, -0.008323
 -0.014463, -7.836700,  1.453298, -7.443982, -0.006889
 -0.014219, -8.489671,  0.984153, -7.712042, -0.006555
 -0.013975, -8.423555,  0.439938, -7.269647, -0.007772
 -0.013731, -7.637434, -0.119929, -6.172678, -0.010796
 -0.013486, -6.205892, -0.633928, -4.545877, -0.015621
 -0.013242, -4.276478, -1.048998, -2.569802, -0.021951
 -0.012998, -2.056947, -1.328995, -0.460659, -0.029209
 -0.012754,  0.207158, -1.459418,  1.554575, -0.036589
 -0.012510,  2.262122, -1.447941,  3.264601, -0.043150
 -0.012266,  3.878771, -1.321152,  4.498414, -0.047930
 -0.012022,  4.883311, -1.118372,  5.144818, -0.050068
 -0.011777,  5.181459, -0.883825,  5.164312, -0.048927
 -0.011533,  4.771889, -0.658769,  4.591799, -0.044181
 -0.011289,  3.746503, -0.475108,  3.529885, -0.035869
 -0.011045,  2.276881, -0.351396,  2.133800, -0.024401
 -0.010801,  0.588459, -0.291417,  0.590126, -0.010511
 -0.010557, -1.073834, -0.285041, -0.907693,  0.004823
 -0.010313, -2.482880, -0.311120, -2.183703,  0.020505
 -0.010068, -3.463020, -0.342278, -3.100445,  0.035440
 -0.009824, -3.914053, -0.351143, -3.573961,  0.048667
 -0.009580, -3.821618, -0.316939, -3.581073,  0.059453
 -0.009336, -3.252855, -0.230773, -3.158362,  0.067359
 -0.009092, -2.339069, -0.098070, -2.393424,  0.072256
 -0.008848, -1.249287,  0.062600, -1.410008,  0.074294
 -0.008604, -0.159999,  0.224056, -0.349399,  0.073836
 -0.008359,  0.773367,  0.357305,  0.649208,  0.071363
 -0.008115,  1.438491,  0.438971,  1.466645,  0.067373
 -0.007871,  1.778728,  0.457496,  2.017706,  0.062290
 -0.007627,  1.795113,  0.416341,  2.259473,  0.056395
 -0.007383,  1.538473,  0.333141,  2.193343,  0.049808
 -0.007139,  1.093966,  0.234911,  1.860926,  0.042495
 -0.006895,  0.561753,  0.150454,  1.334886,  0.034329
 -0.006650,  0.038247,  0.101822,  0.706363,  0.025170
 -0.006406, -0.398203,  0.097118,  0.070997,  0.014957
 -0.006162, -0.695080,  0.127044, -0.484424,  0.003799
 -0.005918, -0.827081,  0.166801, -0.892889, -0.007972
 -0.005674, -0.792844,  0.183234, -1.114387, -0.019783
 -0.005430, -0.609260,  0.145101, -1.138749, -0.030852
 -0.005186, -0.305126,  0.033164, -0.984124, -0.040273
 -0.004941,  0.084529, -0.153024, -0.691705, -0.047129
 -0.004697,  0.522337, -0.393541, -0.317783, -0.050637
 -0.004453,  0.970120, -0.651997,  0.075491, -0.050282
 -0.004209,  1.388703, -0.883722,  0.429249, -0.045924
 -0.003965,  1.737927, -1.045947,  0.695675, -0.037860
 -0.003721,  1.978831, -1.107161,  0.843470, -0.026825
 -0.003477,  2.078787, -1.053261,  0.860489, -0.013920
 -0.003232,  2.018507, -0.889376,  0.753474, -0.000486
 -0.002988,  1.798531, -0.637688,  0.545240,  0.012066
 -0.002744,  1.442565, -0.332356,  0.269960,  0.022447
 -0.002500,  0.996075, -0.012779, -0.032568,  0.029666
 -0.002256,  0.520028,  0.283573, -0.322795,  0.033170
 -0.002012,  0.080928,  0.527439, -0.566599,  0.032922
 -0.001768, -0.260891,  0.701764, -0.739138,  0.029395
 -0.001523, -0.462321,  0.802515, -0.827026,  0.023501
 -0.001279, -0.505418,  0.836410, -0.828723,  0.016441
 -0.001035, -0.400488,  0.816630, -0.753319,  0.009510
 -0.000791, -0.183762,  0.757929, -0.618071,  0.003893
 -0.000547,  0.089660,  0.672407, -0.445187,  0.000465
 -0.000303,  0.356023,  0.566905, -0.258399, -0.000351
 -0.000059,  0.554281,  0.442751, -0.079787,  0.001340
  0.000185,  0.636579,  0.298163,  0.072734,  0.004911
  0.000430,  0.576186,  0.132689,  0.187045,  0.009309
  0.000674,  0.371871, -0.047926,  0.257471,  0.013221
  0.000918,  0.048250, -0.228571,  0.284520,  0.015281
  0.001162, -0.348049, -0.385124,  0.273869,  0.014303
  0.001406, -0.756116, -0.489035,  0.234867,  0.009483
  0.001650, -1.111292, -0.515113,  0.178803,  0.000556
  0.001894, -1.356547, -0.449890,  0.117215, -0.012127
  0.002139, -1.452323, -0.297301,  0.060449, -0.027618
  0.002383, -1.382926, -0.079447,  0.016590, -0.044464
  0.002627, -1.158668,  0.167706, -0.009135, -0.060896
  0.002871, -0.813941,  0.402027, -0.014515, -0.075053
  0.003115, -0.401903,  0.583952, -0.000122, -0.085235
  0.003359,  0.013604,  0.684206,  0.031214, -0.090129
  0.003603,  0.368154,  0.689140,  0.075102, -0.088994
  0.003848,  0.607483,  0.602795,  0.126342, -0.081769
  0.004092,  0.696694,  0.445211,  0.179630, -0.069090
  0.004336,  0.625761,  0.247065,  0.230154, -0.052214
  0.004580,  0.410093,  0.041769,  0.274010, -0.032868
  0.004824,  0.086282, -0.142827,  0.308448, -0.013035
  0.005068, -0.295761, -0.290551,  0.331934,  0.005295
  0.005312, -0.682322, -0.398817,  0.344063,  0.020368
  0.005557, -1.024666, -0.475698,  0.345354,  0.030871
  0.005801, -1.284984, -0.533313,  0.336976,  0.036088
  0.006045, -1.438631, -0.580046,  0.320444,  0.035973
  0.006289, -1.473392, -0.614613,  0.297327,  0.031135
  0.006533, -1.387461, -0.624431,  0.269003,  0.022747
  0.006777, -1.187666, -0.589166,  0.236492,  0.012386
  0.007021, -0.888559, -0.488367,  0.200378,  0.001824
  0.007266, -0.512135, -0.310543,  0.160826, -0.007197
  0.007510, -0.087447, -0.060549,  0.117692, -0.013184
  0.007754,  0.350746,  0.237297,  0.070695, -0.015067
  0.007998,  0.764922,  0.541622,  0.019636, -0.012331
  0.008242,  1.119328,  0.801585, -0.035386, -0.005065
  0.008486,  1.385209,  0.967714, -0.093791,  0.006059
  0.008730,  1.545254,  1.003129, -0.154400,  0.019875
  0.008975,  1.595892,  0.892194, -0.215406,  0.034873
  0.009219,  1.546825,  0.644633, -0.274456,  0.049382
  0.009463,  1.418020,  0.294573, -0.328821,  0.061774
  0.009707,  1.234837, -0.104840, -0.375646,  0.070652
  0.009951,  1.022183, -0.490143, -0.412245,  0.075013
  0.010195,  0.798741, -0.798316, -0.436407,  0.074352
  0.010439,  0.572681, -0.978156, -0.446650,  0.068718
  0.010684,  0.340410, -1.000282, -0.442423,  0.058690
  0.010928,  0.089359, -0.863499, -0.424193,  0.045303
  0.011172, -0.195522, -0.595531, -0.393430,  0.029916
  0.011416, -0.523351, -0.247395, -0.352491,  0.014045
  0.011660, -0.889742,  0.117405, -0.304406, -0.000819
  0.011904, -1.272743,  0.436025, -0.252620, -0.013377
  0.012148, -1.634058,  0.658438, -0.200688, -0.022678
  0.012393, -1.925743,  0.755985, -0.151995, -0.028215
  0.012637, -2.100802,  0.725147, -0.109489, -0.029971
  0.012881, -2.124623,  0.586580, -0.075472, -0.028401
  0.013125, -1.983696,  0.380215, -0.051445, -0.024359
  0.013369, -1.688933,  0.157489, -0.038023, -0.018970
  0.013613, -1.272969, -0.028096, -0.034909, -0.013476
  0.013857, -0.782851, -0.130836, -0.040924, -0.009059
  0.014102, -0.270797, -0.121672, -0.054100, -0.006687
  0.014346,  0.214352,  0.005441, -0.071825, -0.006977
  0.014590,  0.633193,  0.231092, -0.091028, -0.010116
  0.014834,  0.958740,  0.512948, -0.108420, -0.015837
  0.015078,  1.176706,  0.793441, -0.120754, -0.023452
  0.015322,  1.283971,  1.011306, -0.125104, -0.031952
  0.015566,  1.286216,  1.114160, -0.119133, -0.040139
  0.015810,  1.195489,  1.068601, -0.101328, -0.046797
  0.016055,  1.028226,  0.865224, -0.071160, -0.050852
  0.016299,  0.803890,  0.518063, -0.029167, -0.051527
  0.016543,  0.544226,  0.060027,  0.023084, -0.048446
  0.016787,  0.272990, -0.463223,  0.083133, -0.041689
  0.017031,  0.015747, -0.999003,  0.147864, -0.031787
  0.017275, -0.200980, -1.492185,  0.213810, -0.019651
  0.017519, -0.351887, -1.889199,  0.277487, -0.006459
  0.017764, -0.416419, -2.142596,  0.335706,  0.006502
  0.018008, -0.382788, -2.216951,  0.385841,  0.017998
  0.018252, -0.251068, -2.095450,  0.425994,  0.027005
  0.018496, -0.034056, -1.785262,  0.455061,  0.032839
  0.018740,  0.244578, -1.319429,  0.472693,  0.035230
  0.018984,  0.554274, -0.753874,  0.479172,  0.034348
  0.019228,  0.862366, -0.159698,  0.475235,  0.030764
  0.019473,  1.138355,  0.387701,  0.461881,  0.025365
  0.019717,  1.356954,  0.820512,  0.440204,  0.019220
  0.019961,  1.499861,  1.089313,  0.411281,  0.013431
  0.020205,  1.556683,  1.171051,  0.376118,  0.008988
  0.020449,  1.525470,  1.072786,  0.335668,  0.006632
  0.020693,  1.413263,  0.830098,  0.290890,  0.006767
  0.020937,  1.236499,  0.499962,  0.242831,  0.009410
  0.021182,  1.020478,  0.149252,  0.192693,  0.014201
  0.021426,  0.796774, -0.158543,  0.141851,  0.020461
  0.021670,  0.598081, -0.375187,  0.091825,  0.027286
  0.021914,  0.451126, -0.475326,  0.044169,  0.033676
  0.022158,  0.369272, -0.458272,  0.000327,  0.038664
  0.022402,  0.347077, -0.344029, -0.038556,  0.041442
  0.022646,  0.359050, -0.165226, -0.071799,  0.041466
  0.022891,  0.363856,  0.042350, -0.099312,  0.038515
  0.023135,  0.313508,  0.247818, -0.121645,  0.032717
  0.023379,  0.165311,  0.429790, -0.139943,  0.024530
  0.023623, -0.106598,  0.576941, -0.155797,  0.014676
  0.023867, -0.503056,  0.685458, -0.171017,  0.004057
  0.024111, -0.997019,  0.755073, -0.187355, -0.006359
  0.024355, -1.536666,  0.785368, -0.206210, -0.015645
  0.024600, -2.053849,  0.773653, -0.228371, -0.023017
  0.024844, -2.476333,  0.715167, -0.253842, -0.027920
  0.025088, -2.741510,  0.605601, -0.281759, -0.030070
  0.025332, -2.808772,  0.444969, -0.310444, -0.029475
  0.025576, -2.667698,  0.241190, -0.337573, -0.026415
  0.025820, -2.340092,  0.011661, -0.360443, -0.021392
  0.026064, -1.875425, -0.218121, -0.376310, -0.015059
  0.026309, -1.341011, -0.418721, -0.382740, -0.008141
  0.026553, -0.809442, -0.562634, -0.377935, -0.001346
  0.026797, -0.346135, -0.630293, -0.360991,  0.004706
  0.027041,  0.000582, -0.614558, -0.332041,  0.009538
  0.027285,  0.205312, -0.522281, -0.292286,  0.012848
  0.027529,  0.266859, -0.372220, -0.243891,  0.014519
  0.027773,  0.205436, -0.189823, -0.189772,  0.014597
  0.028018,  0.057018, -0.000630, -0.133304,  0.013255
  0.028262, -0.133517,  0.175288, -0.077979,  0.010748
  0.028506, -0.318916,  0.325847, -0.027062,  0.007357
  0.028750, -0.454796,  0.445903,  0.016711,  0.003351
  0.028994, -0.503755,  0.533795,  0.051378, -0.001051
  0.029238, -0.439142,  0.587623,  0.075893, -0.005694
  0.029482, -0.248938,  0.603187,  0.090170, -0.010479
  0.029727,  0.060802,  0.574565,  0.095028, -0.015348
  0.029971,  0.464306,  0.497144,  0.092046, -0.020254
  0.030215,  0.917567,  0.371969,  0.083355, -0.025123
  0.030459,  1.363381,  0.209579,  0.071396, -0.029831
  0.030703,  1.739398,  0.031392,  0.058666, -0.034180
  0.030947,  1.987953, -0.132682,  0.047486, -0.037904
  0.031191,  2.066177, -0.250341,  0.039815, -0.040684
  0.031435,  1.954651, -0.295127,  0.037113, -0.042187
  0.031680,  1.662680, -0.254108,  0.040274, -0.042114
  0.031924,  1.228449, -0.132409,  0.049611, -0.040252
  0.032168,  0.713213,  0.046927,  0.064901, -0.036525
  0.032412,  0.190314,  0.247721,  0.085464, -0.031025
  0.032656, -0.268565,  0.428738,  0.110258, -0.024026
  0.032900, -0.606507,  0.553010,  0.137989, -0.015967
  0.033144, -0.790752,  0.595999,  0.167211, -0.007416
  0.033389, -0.816551,  0.550510,  0.196407,  0.000993
  0.033633, -0.705264,  0.427055,  0.224056,  0.008636
  0.033877, -0.497732,  0.249860,  0.248683,  0.014972
  0.034121, -0.244627,  0.049982,  0.268898,  0.019609
  0.034365,  0.004227, -0.142215,  0.283428,  0.022356
  0.034609,  0.209499, -0.303237,  0.291160,  0.023232
  0.034853,  0.348916, -0.420114,  0.291192,  0.022463
  0.035098,  0.419247, -0.491335,  0.282892,  0.020438
  0.035342,  0.433337, -0.525451,  0.265971,  0.017646
  0.035586,  0.413418, -0.537941,  0.240551,  0.014604
  0.035830,  0.383143, -0.547063,  0.207215,  0.011781
  0.036074,  0.361118, -0.569640,  0.167041,  0.009536
  0.036318,  0.357713, -0.617812,  0.121579,  0.008072
  0.036562,  0.375153, -0.697543,  0.072787,  0.007422
  0.036807,  0.409410, -0.808964,  0.022910,  0.007455
  0.037051,  0.452236, -0.947772, -0.025686,  0.007910
  0.037295,  0.492653, -1.106384, -0.070720,  0.008447
  0.037539,  0.518211, -1.273855, -0.110204,  0.008703
  0.037783,  0.516618, -1.434666, -0.142644,  0.008352
  0.038027,  0.478016, -1.567557, -0.167197,  0.007156
  0.038271,  0.397541, -1.645876, -0.183748,  0.004992
  0.038516,  0.277323, -1.640383, -0.192921,  0.001875
  0.038760,  0.127001, -1.524425, -0.195983, -0.002046
  0.039004, -0.037675, -1.280417, -0.194669, -0.006507
  0.039248, -0.197854, -0.905896, -0.190949, -0.011150
  0.039492, -0.335332, -0.417352, -0.186755, -0.015565
  0.039736, -0.436089,  0.149414, -0.183720, -0.019322
  0.039980, -0.492901,  0.742724, -0.182959, -0.022007
  0.040225, -0.506567,  1.301829, -0.184928, -0.023258
  0.040469, -0.485552,  1.765958, -0.189376, -0.022791
  0.040713, -0.444142,  2.084039, -0.195403, -0.020431
  0.040957, -0.399495,  2.223105, -0.201617, -0.016124
  0.041201, -0.368244,  2.173484, -0.206351, -0.009962
  0.041445, -0.363472,  1.949620, -0.207926, -0.002182
  0.041689, -0.392734,  1.586735, -0.204895,  0.006830
  0.041934, -0.457365,  1.134660, -0.196262,  0.016558
  0.042178, -0.552740,  0.650496, -0.181608,  0.026382
  0.042422, -0.668858,  0.191300, -0.161141,  0.035621
  0.042666, -0.790905, -0.192619, -0.135643,  0.043586
  0.042910, -0.900128, -0.463483, -0.106345,  0.049645
  0.043154, -0.975713, -0.600553, -0.074744,  0.053288
  0.043398, -0.998030, -0.602745, -0.042402,  0.054180
  0.043643, -0.952795, -0.488649, -0.010753,  0.052207
  0.043887, -0.835126, -0.293323,  0.019036,  0.047496
  0.044131, -0.652371, -0.061694,  0.046145,  0.040407
  0.044375, -0.424730,  0.160758,  0.070119,  0.031502
  0.044619, -0.183032,  0.338207,  0.090808,  0.021482
  0.044863,  0.036357,  0.452847,  0.108269,  0.011112
  0.045107,  0.198674,  0.508673,  0.122647,  0.001137
  0.045352,  0.278249,  0.529206,  0.134053, -0.007800
  0.045596,  0.264441,  0.549719,  0.142477, -0.015224
  0.045840,  0.164530,  0.606443,  0.147739, -0.020868
  0.046084,  0.002893,  0.725990,  0.149494, -0.024690
  0.046328, -0.183470,  0.917696,  0.147291, -0.026851
  0.046572, -0.352261,  1.170185,  0.140653, -0.027671
  0.046816, -0.464440,  1.452227,  0.129202, -0.027568
  0.047060, -0.491982,  1.717239,  0.112760, -0.026986
  0.047305, -0.423069,  1.910589,  0.091457, -0.026320
  0.047549, -0.263831,  1.978490,  0.065792, -0.025863
  0.047793, -0.036489,  1.877019,  0.036668, -0.025767
  0.048037,  0.225608,  1.579902,  0.005374, -0.026025
  0.048281,  0.484803,  1.084343, -0.026462, -0.026485
  0.048525,  0.706070,  0.414540, -0.056967, -0.026880
  0.048769,  0.862333, -0.377709, -0.084133, -0.026874
  0.049014,  0.937285, -1.216304, -0.105957, -0.026120
  0.049258,  0.925846, -2.008952, -0.120589, -0.024312
  0.049502,  0.833030, -2.659905, -0.126481, -0.021236
  0.049746,  0.672065, -3.085622, -0.122533, -0.016804
  0.049990,  0.462306, -3.230270, -0.108217, -0.011073
